,email,first_name,gender,id,ip_address,last_name
0,mhart0@reverbnation.com,Martin,Male,1,30103597181342,Hart
1,jcunningham1@instagram.com,Joshua,Male,2,3556711508303405,Cunningham
2,cmills2@europa.eu,Carl,Male,3,3562674371475662,Mills
3,jwatkins3@free.fr,Jeffrey,Male,4,4917111669558693,Watkins
4,fhayes4@java.com,Frances,Female,5,3567651684460347,Hayes
5,jburton5@squarespace.com,John,Male,6,3557333620607396,Burton
6,mgarcia6@noaa.gov,Michelle,Female,7,3585196006632254,Garcia
7,jberry7@mtv.com,Jonathan,Male,8,201425999255264,Berry
8,rwallace8@cnn.com,Robin,Female,9,6759559542040332288,Wallace
9,dhart9@posterous.com,Daniel,Male,10,5602254183393580,Hart
10,gburtona@moonfruit.com,Gerald,Male,11,372301876099831,Burton
11,dmeyerb@digg.com,Dennis,Male,12,5610456511950680,Meyer
12,swashingtonc@wordpress.com,Stephanie,Female,13,490399085025744064,Washington
13,vramosd@ehow.com,Victor,Male,14,201526206880503,Ramos
14,tdavise@ifeng.com,Timothy,Male,15,3582903558969593,Davis
15,ejacksonf@hugedomains.com,Emily,Female,16,3579247071973285,Jackson
16,hpetersg@51.la,Henry,Male,17,5584919245783166,Peters
17,chawkinsh@e-recht24.de,Cynthia,Female,18,3576219433034257,Hawkins
18,rgonzalesi@networksolutions.com,Rose,Female,19,490387668927225408,Gonzales
19,dsmithj@nps.gov,Diana,Female,20,30084030766107,Smith
20,swardk@over-blog.com,Sandra,Female,21,3585795341314856,Ward
21,sduncanl@imgur.com,Sandra,Female,22,6379817494555383,Duncan
22,jaustinm@usatoday.com,Jacqueline,Female,23,3548822641811450,Austin
23,bmorgann@irs.gov,Barbara,Female,24,3556295820131017,Morgan
24,sburkeo@upenn.edu,Sarah,Female,25,3563788568698107,Burke
25,aortizp@gizmodo.com,Annie,Female,26,3529571805284581,Ortiz
26,rjenkinsq@soundcloud.com,Ronald,Male,27,372301463591901,Jenkins
27,ggarciar@qq.com,Gerald,Male,28,3568749210146809,Garcia
28,agarretts@privacy.gov.au,Amanda,Female,29,5602259720228536320,Garrett
29,mromerot@berkeley.edu,Matthew,Male,30,5405192448948898,Romero
30,cstewartu@forbes.com,Chris,Male,31,4026989957183995,Stewart
31,jdavisv@twitpic.com,Joyce,Female,32,5610459810174994,Davis
32,tturnerw@google.es,Teresa,Female,33,5002355272428454,Turner
33,rfernandezx@quantcast.com,Richard,Male,34,5108755454616037,Fernandez
34,fmeyery@bravesites.com,Fred,Male,35,5100147623942130,Meyer
35,bortizz@prnewswire.com,Bobby,Male,36,67061133428771040,Ortiz
36,rford10@businesswire.com,Richard,Male,37,6333109709039980,Ford
37,nmorgan11@exblog.jp,Nicole,Female,38,30444410003523,Morgan
38,rmurray12@china.com.cn,Robert,Male,39,201790791893574,Murray
39,mgarcia13@businessweek.com,Matthew,Male,40,4911843705193798,Garcia
40,lmartinez14@usatoday.com,Louis,Male,41,3544197247446744,Martinez
41,jolson15@nba.com,Judith,Female,42,3539523461735842,Olson
42,pmccoy16@msn.com,Phyllis,Female,43,3580511034524908,Mccoy
43,ahenderson17@phoca.cz,Anna,Female,44,3569643209843089,Henderson
44,csimpson18@hatena.ne.jp,Charles,Male,45,3568120609143312,Simpson
45,bgomez19@home.pl,Bonnie,Female,46,6767029995141591040,Gomez
46,mgarza1a@uol.com.br,Mary,Female,47,3547331295823663,Garza
47,rcoleman1b@csmonitor.com,Ralph,Male,48,4041597548606316,Coleman
48,jgibson1c@theguardian.com,Joyce,Female,49,3572478754816825,Gibson
49,jreyes1d@ted.com,Jessica,Female,50,6373537975500569,Reyes
50,hrichardson1e@ihg.com,Helen,Female,51,3580951230708535,Richardson
51,lroberts1f@123-reg.co.uk,Lois,Female,52,30565332445481,Roberts
52,cdean1g@adobe.com,Carol,Female,53,3543780238559236,Dean
53,hpeters1h@1688.com,Heather,Female,54,56107193019576848,Peters
54,mford1i@skype.com,Matthew,Male,55,5602236009716151,Ford
55,nryan1j@blogspot.com,Nicole,Female,56,201970839926376,Ryan
56,rbaker1k@oracle.com,Rose,Female,57,337941149982158,Baker
57,gpayne1l@drupal.org,Gerald,Male,58,676290269406831232,Payne
58,brobertson1m@feedburner.com,Brenda,Female,59,3546795707668067,Robertson
59,mfields1n@geocities.jp,Marilyn,Female,60,4527317928917,Fields
60,mstone1o@scientificamerican.com,Martha,Female,61,5257441845414700,Stone
61,mlawrence1p@discovery.com,Margaret,Female,62,3551484145684810,Lawrence
62,pmcdonald1q@nba.com,Paula,Female,63,4917528985206725,Mcdonald
63,bfox1r@slashdot.org,Brian,Male,64,3569903901598161,Fox
64,wjordan1s@pinterest.com,William,Male,65,3565270439696667,Jordan
65,wwebb1t@newsvine.com,Willie,Male,66,5100143554925194,Webb
66,kfields1u@diigo.com,Kathryn,Female,67,4844867947909606,Fields
67,ikennedy1v@marketwatch.com,Irene,Female,68,3583151382474369,Kennedy
68,ghenderson1w@japanpost.jp,George,Male,69,3548129332291442,Henderson
69,lwebb1x@behance.net,Lori,Female,70,3571065698172679,Webb
70,mrogers1y@infoseek.co.jp,Mark,Male,71,4041595130634514,Rogers
71,cramirez1z@princeton.edu,Cheryl,Female,72,5100140771875715,Ramirez
72,pbrown20@thetimes.co.uk,Pamela,Female,73,3542462446907868,Brown
73,aphillips21@last.fm,Annie,Female,74,5100130055134541,Phillips
74,jhamilton22@purevolume.com,Jennifer,Female,75,201998406614968,Hamilton
75,mgonzalez23@google.pl,Martha,Female,76,30043561403183,Gonzalez
76,jking24@ibm.com,Julie,Female,77,604570449372681,King
77,pwebb25@typepad.com,Phillip,Male,78,490596559645046144,Webb
78,rmartinez26@cnbc.com,Ronald,Male,79,4917942992134509,Martinez
79,bhowell27@rakuten.co.jp,Betty,Female,80,3583814159066763,Howell
80,prichards28@list-manage.com,Philip,Male,81,3587676160077063,Richards
81,rkim29@xinhuanet.com,Ruth,Female,82,676193846174934656,Kim
82,asmith2a@dailymail.co.uk,Andrea,Female,83,6304898145929037824,Smith
83,jcox2b@ezinearticles.com,Janet,Female,84,3573986356683020,Cox
84,aharrison2c@businessinsider.com,Anne,Female,85,376567044013971,Harrison
85,brobinson2d@posterous.com,Billy,Male,86,4913041480650474,Robinson
86,jthompson2e@cloudflare.com,Judy,Female,87,5442894360308820,Thompson
87,kkennedy2f@newyorker.com,Kevin,Male,88,3587258136441796,Kennedy
88,aroberts2g@forbes.com,Anthony,Male,89,3565275938531182,Roberts
89,jrobertson2h@pcworld.com,Judy,Female,90,3530179754812787,Robertson
90,dwagner2i@zimbio.com,Debra,Female,91,3567227263096206,Wagner
91,bkelley2j@amazon.co.jp,Benjamin,Male,92,5217264975743006,Kelley
92,jturner2k@umn.edu,Jean,Female,93,3529763824451909,Turner
93,dmoreno2l@altervista.org,Doris,Female,94,6709729008593951744,Moreno
94,crobertson2m@privacy.gov.au,Catherine,Female,95,201666686950770,Robertson
95,jcampbell2n@4shared.com,Jerry,Male,96,3574585187124482,Campbell
96,pcastillo2o@diigo.com,Patricia,Female,97,5599992012650259,Castillo
97,isanders2p@wsj.com,Irene,Female,98,6706744986260245,Sanders
98,fwilliamson2q@google.com,Fred,Male,99,5526639088665780,Williamson
99,jreed2r@go.com,Justin,Male,100,201947322181701,Reed
100,sperkins2s@nbcnews.com,Susan,Female,101,5610912021380859,Perkins
101,skelly2t@yellowpages.com,Steven,Male,102,6334640446806380544,Kelly
102,awilliamson2u@moonfruit.com,Ashley,Female,103,3563044334833267,Williamson
103,jnguyen2v@nifty.com,Jacqueline,Female,104,56022322193339008,Nguyen
104,rmurphy2w@sourceforge.net,Randy,Male,105,3561367662993912,Murphy
105,bgreene2x@ucoz.ru,Beverly,Female,106,5602255497157488,Greene
106,acole2y@sohu.com,Alice,Female,107,5399612540793510,Cole
107,mcunningham2z@unesco.org,Michael,Male,108,30320935812392,Cunningham
108,pdunn30@wikispaces.com,Pamela,Female,109,3587247482206317,Dunn
109,tsanchez31@freewebs.com,Tina,Female,110,4041377102520,Sanchez
110,dgonzales32@fda.gov,Debra,Female,111,6372492870779408,Gonzales
111,jwillis33@uol.com.br,Joyce,Female,112,3570233552861891,Willis
112,amiller34@yolasite.com,Amanda,Female,113,67595063750221120,Miller
113,droberts35@free.fr,Denise,Female,114,4911405063303670784,Roberts
114,cjones36@linkedin.com,Chris,Male,115,6763143782639151104,Jones
115,tspencer37@miitbeian.gov.cn,Terry,Male,116,3551991056527416,Spencer
116,rjohnston38@sciencedaily.com,Robin,Female,117,5602246434704266240,Johnston
117,shall39@smh.com.au,Steven,Male,118,3572229469126491,Hall
118,ccruz3a@hhs.gov,Carl,Male,119,3556625076549894,Cruz
119,glewis3b@biglobe.ne.jp,George,Male,120,374283417082831,Lewis
120,frichards3c@hexun.com,Frank,Male,121,3569130717936050,Richards
121,jcunningham3d@diigo.com,Julia,Female,122,3541769435994488,Cunningham
122,jgriffin3e@angelfire.com,Jane,Female,123,5602224070791830528,Griffin
123,vbutler3f@ox.ac.uk,Victor,Male,124,4936468857428312,Butler
124,bfreeman3g@theatlantic.com,Bonnie,Female,125,201529156346780,Freeman
125,wmoreno3h@omniture.com,William,Male,126,3545301532000203,Moreno
126,broberts3i@infoseek.co.jp,Bruce,Male,127,6709237109326806016,Roberts
127,esimmons3j@etsy.com,Eric,Male,128,3552891906347404,Simmons
128,aaustin3k@paypal.com,Aaron,Male,129,3534008512183353,Austin
129,rfields3l@salon.com,Randy,Male,130,4026536944017644,Fields
130,npeters3m@smh.com.au,Nicholas,Male,131,30392101373053,Peters
131,jwilliams3n@trellian.com,Jessica,Female,132,50181866375444408,Williams
132,jgreen3o@exblog.jp,Justin,Male,133,5610245829666025,Green
133,llong3p@nydailynews.com,Louis,Male,134,5456488648033939,Long
134,gharvey3q@cam.ac.uk,Gerald,Male,135,6761799987254557,Harvey
135,scampbell3r@vk.com,Shawn,Male,136,3588533510830353,Campbell
136,mbell3s@nasa.gov,Michelle,Female,137,6395025188104118,Bell
137,jgilbert3t@mashable.com,Julia,Female,138,3554972490248337,Gilbert
138,tyoung3u@google.pl,Thomas,Male,139,4175003597051064,Young
139,tgomez3v@sbwire.com,Thomas,Male,140,3573025849307960,Gomez
140,krivera3w@drupal.org,Kimberly,Female,141,493655813124608064,Rivera
141,lperez3x@squidoo.com,Lillian,Female,142,5602251198507535,Perez
142,rcole3y@ycombinator.com,Roy,Male,143,3559592988867433,Cole
143,dbishop3z@surveymonkey.com,Dennis,Male,144,201694365546107,Bishop
144,slopez40@howstuffworks.com,Scott,Male,145,3561615927518894,Lopez
145,mcampbell41@harvard.edu,Maria,Female,146,3556002884637644,Campbell
146,hburke42@constantcontact.com,Henry,Male,147,201804535501607,Burke
147,rgonzalez43@dyndns.org,Rachel,Female,148,3529259661079366,Gonzalez
148,egreen44@foxnews.com,Emily,Female,149,3534650152380615,Green
149,clarson45@arizona.edu,Christine,Female,150,3543403510326006,Larson
150,hgarrett46@xrea.com,Helen,Female,151,3571314075641090,Garrett
151,wwebb47@usgs.gov,Willie,Male,152,3541866051547945,Webb
152,mwells48@wufoo.com,Maria,Female,153,6397728165016274,Wells
153,ekennedy49@mysql.com,Eugene,Male,154,6049218212993834,Kennedy
154,rwood4a@e-recht24.de,Ruth,Female,155,5602211499966962,Wood
155,pstephens4b@illinois.edu,Paul,Male,156,201699646144317,Stephens
156,gmyers4c@ucoz.com,Gary,Male,157,30443542551938,Myers
157,rramirez4d@cnn.com,Ralph,Male,158,3553765037804328,Ramirez
158,ggilbert4e@nasa.gov,George,Male,159,3571926258898088,Gilbert
159,gramirez4f@howstuffworks.com,George,Male,160,3548689384755966,Ramirez
160,kgraham4g@wordpress.org,Keith,Male,161,30153528449748,Graham
161,jgarrett4h@instagram.com,Jennifer,Female,162,3569111925715478,Garrett
162,awhite4i@ca.gov,Albert,Male,163,633357455598238208,White
163,kwashington4j@illinois.edu,Kelly,Female,164,5018111684620994560,Washington
164,adavis4k@ebay.co.uk,Albert,Male,165,30107302218364,Davis
165,jsimpson4l@hugedomains.com,Judith,Female,166,4936996595182223360,Simpson
166,aharrison4m@chicagotribune.com,Anthony,Male,167,3560673089232425,Harrison
167,jjackson4n@google.co.jp,John,Male,168,3579604852248693,Jackson
168,kbailey4o@gravatar.com,Kathryn,Female,169,3535953145765952,Bailey
169,sburton4p@unesco.org,Shirley,Female,170,30303008307698,Burton
170,sreed4q@ihg.com,Shawn,Male,171,4017959905597,Reed
171,jreyes4r@cam.ac.uk,Julia,Female,172,5602242079457775,Reyes
172,hduncan4s@deviantart.com,Henry,Male,173,30018574152696,Duncan
173,jbailey4t@google.es,James,Male,174,30200591228820,Bailey
174,jberry4u@senate.gov,Janet,Female,175,3556640046150954,Berry
175,wcox4v@goo.ne.jp,Wayne,Male,176,3529530125725202,Cox
176,lgriffin4w@columbia.edu,Lillian,Female,177,4903034492301089,Griffin
177,shamilton4x@squarespace.com,Scott,Male,178,6387237275264859,Hamilton
178,pgarcia4y@paginegialle.it,Philip,Male,179,201784721587646,Garcia
179,ebarnes4z@cnet.com,Eugene,Male,180,3563066216697478,Barnes
180,rweaver50@hhs.gov,Robin,Female,181,5893708725807314,Weaver
181,jmatthews51@loc.gov,James,Male,182,6304528550868068352,Matthews
182,djordan52@vinaora.com,Deborah,Female,183,67619884936182088,Jordan
183,apierce53@foxnews.com,Alan,Male,184,5602210665308017,Pierce
184,bbanks54@sohu.com,Beverly,Female,185,3584999386367032,Banks
185,aarmstrong55@networkadvertising.org,Amanda,Female,186,50185073452348432,Armstrong
186,jjenkins56@wired.com,Jennifer,Female,187,3581677369247511,Jenkins
187,trichardson57@mysql.com,Thomas,Male,188,5010124647216451,Richardson
188,hellis58@paginegialle.it,Howard,Male,189,5048370807079132,Ellis
189,mmatthews59@rambler.ru,Marie,Female,190,3534686421766770,Matthews
190,kbrown5a@mayoclinic.com,Keith,Male,191,6767740300921920512,Brown
191,scook5b@de.vu,Sharon,Female,192,3583385553791744,Cook
192,jadams5c@paginegialle.it,Johnny,Male,193,3575258812893454,Adams
193,hdean5d@wp.com,Harold,Male,194,30087409257889,Dean
194,pbryant5e@weibo.com,Patrick,Male,195,50205185875547224,Bryant
195,dgreene5f@networksolutions.com,Dorothy,Female,196,3564584358415292,Greene
196,lgarza5g@businessinsider.com,Lisa,Female,197,4041591893912,Garza
197,ttucker5h@buzzfeed.com,Timothy,Male,198,3565713160801352,Tucker
198,jreid5i@ucla.edu,Joyce,Female,199,56022316507096008,Reid
199,bowens5j@networksolutions.com,Benjamin,Male,200,3546894065041155,Owens
200,esullivan5k@miitbeian.gov.cn,Emily,Female,201,3547002027280783,Sullivan
201,cnichols5l@live.com,Christine,Female,202,30096771575406,Nichols
202,amason5m@usgs.gov,Albert,Male,203,6759185039467773,Mason
203,rhall5n@washingtonpost.com,Robert,Male,204,560223867674513024,Hall
204,mdavis5o@sphinn.com,Martha,Female,205,337941257973064,Davis
205,dmoore5p@plala.or.jp,Deborah,Female,206,3584374068898573,Moore
206,aday5q@unc.edu,Alice,Female,207,3542981181121732,Day
207,cmartinez5r@chron.com,Clarence,Male,208,3549372021473207,Martinez
208,csimpson5s@jimdo.com,Chris,Male,209,3553456774476187,Simpson
209,dwhite5t@bravesites.com,Donald,Male,210,63040790606981472,White
210,cwest5u@un.org,Clarence,Male,211,5020304533554000896,West
211,gberry5v@oracle.com,Gloria,Female,212,5458326219785537,Berry
212,clopez5w@about.me,Christopher,Male,213,3543272815738748,Lopez
213,cgonzales5x@furl.net,Christine,Female,214,3545419385013501,Gonzales
214,mcunningham5y@skype.com,Michelle,Female,215,3584913140674815,Cunningham
215,jstone5z@flickr.com,Juan,Male,216,5602230397630058,Stone
216,wgrant60@unc.edu,Wayne,Male,217,3549857392342619,Grant
217,clee61@xing.com,Carol,Female,218,3570945067902262,Lee
218,lcunningham62@go.com,Louis,Male,219,5100171003524151,Cunningham
219,sruiz63@adobe.com,Steve,Male,220,3583907186707571,Ruiz
220,bwagner64@phpbb.com,Billy,Male,221,3559015668184846,Wagner
221,snelson65@wikipedia.org,Scott,Male,222,3560317332773278,Nelson
222,dalvarez66@arstechnica.com,Donald,Male,223,374288478501397,Alvarez
223,jtucker67@wikispaces.com,Judith,Female,224,374288194459599,Tucker
224,nsanchez68@chicagotribune.com,Nicholas,Male,225,5491313995147164,Sanchez
225,smoreno69@weebly.com,Shirley,Female,226,3567204867615855,Moreno
226,jbarnes6a@trellian.com,Jeremy,Male,227,3538498364647488,Barnes
227,asimpson6b@example.com,Alan,Male,228,337941275997889,Simpson
228,tthomas6c@creativecommons.org,Timothy,Male,229,3573610841300111,Thomas
229,bstanley6d@utexas.edu,Brenda,Female,230,3536764217941523,Stanley
230,lriley6e@acquirethisname.com,Louis,Male,231,5602238357321589760,Riley
231,pwilson6f@time.com,Patricia,Female,232,5002350414182630,Wilson
232,esimmons6g@slideshare.net,Emily,Female,233,63040247813396192,Simmons
233,mlynch6h@goo.ne.jp,Michelle,Female,234,3564029268623726,Lynch
234,dwilson6i@multiply.com,Diane,Female,235,341905903308623,Wilson
235,sgomez6j@prweb.com,Samuel,Male,236,374622046966247,Gomez
236,iwheeler6k@over-blog.com,Irene,Female,237,3533722430418359,Wheeler
237,kbanks6l@unesco.org,Karen,Female,238,3579463204197243,Banks
238,ckennedy6m@woothemes.com,Catherine,Female,239,5553189251624202,Kennedy
239,pmorgan6n@pinterest.com,Pamela,Female,240,6759901114092439,Morgan
240,rramos6o@aol.com,Robert,Male,241,56105199864680000,Ramos
241,rspencer6p@sciencedirect.com,Roy,Male,242,201810616281977,Spencer
242,jowens6q@google.ca,Julie,Female,243,5007664266459309,Owens
243,aholmes6r@ox.ac.uk,Andrew,Male,244,3547108168673791,Holmes
244,jcook6s@sitemeter.com,Jason,Male,245,3557165716814399,Cook
245,friley6t@gov.uk,Frank,Male,246,4041598886034,Riley
246,mmoreno6u@newyorker.com,Mildred,Female,247,3538366572618437,Moreno
247,phanson6v@columbia.edu,Patrick,Male,248,3582343078713918,Hanson
248,tnelson6w@google.cn,Theresa,Female,249,3580943763204651,Nelson
249,swilson6x@qq.com,Sandra,Female,250,3553802599738584,Wilson
250,lblack6y@blog.com,Lillian,Female,251,3542548938509103,Black
251,amccoy6z@istockphoto.com,Ann,Female,252,201907134485369,Mccoy
252,hking70@twitter.com,Harry,Male,253,3569152967640976,King
253,dmorrison71@squarespace.com,Dorothy,Female,254,3576605590515734,Morrison
254,avasquez72@amazon.de,Andrew,Male,255,3589485514164421,Vasquez
255,jgarza73@gizmodo.com,Jose,Male,256,5189266066100602,Garza
256,kcarpenter74@addtoany.com,Kathryn,Female,257,56022375033774584,Carpenter
257,talvarez75@rakuten.co.jp,Teresa,Female,258,201690339862828,Alvarez
258,krogers76@unblog.fr,Karen,Female,259,3535784227134654,Rogers
259,schavez77@pcworld.com,Shirley,Female,260,4175006243822069,Chavez
260,pmason78@seattletimes.com,Paul,Male,261,5007664512084554,Mason
261,ccoleman79@squarespace.com,Carol,Female,262,5100144340367105,Coleman
262,lprice7a@goo.gl,Larry,Male,263,3556428326675019,Price
263,aburns7b@google.ca,Andrea,Female,264,6334712286094010,Burns
264,klopez7c@si.edu,Kathy,Female,265,3537165624687817,Lopez
265,tcollins7d@hao123.com,Theresa,Female,266,4936901182779678,Collins
266,amartin7e@prnewswire.com,Alice,Female,267,5468344498474515,Martin
267,rramos7f@free.fr,Russell,Male,268,3559415903986726,Ramos
268,ngilbert7g@disqus.com,Nicole,Female,269,6304832428064485,Gilbert
269,wmurray7h@google.ru,Walter,Male,270,3587664112066830,Murray
270,swest7i@spiegel.de,Steven,Male,271,30134389990368,West
271,creid7j@abc.net.au,Christine,Female,272,5002356712829533,Reid
272,mlane7k@mapquest.com,Melissa,Female,273,6334514590689356,Lane
273,dscott7l@symantec.com,Donald,Male,274,6759587037341944832,Scott
274,kmarshall7m@cnn.com,Katherine,Female,275,67590598077782112,Marshall
275,msanders7n@wiley.com,Martha,Female,276,3589687371996841,Sanders
276,dlopez7o@i2i.jp,Diana,Female,277,3538786916018459,Lopez
277,lturner7p@redcross.org,Linda,Female,278,67613512207667488,Turner
278,amontgomery7q@baidu.com,Anna,Female,279,3572365095405808,Montgomery
279,bharper7r@yale.edu,Bobby,Male,280,6763405488883408896,Harper
280,frobertson7s@ucsd.edu,Frank,Male,281,6376862248626059,Robertson
281,ekennedy7t@vkontakte.ru,Ernest,Male,282,5198524159486414,Kennedy
282,grose7u@simplemachines.org,Gerald,Male,283,6371704194959271,Rose
283,bfranklin7v@diigo.com,Bobby,Male,284,6383822223041048,Franklin
284,jwarren7w@liveinternet.ru,Jason,Male,285,3558198338716923,Warren
285,npowell7x@marketwatch.com,Nicole,Female,286,3574163605550785,Powell
286,kboyd7y@jugem.jp,Kathryn,Female,287,3573126787053317,Boyd
287,tparker7z@discuz.net,Tina,Female,288,4041594341970627,Parker
288,tspencer80@xrea.com,Timothy,Male,289,3548126244761546,Spencer
289,mlewis81@stanford.edu,Marilyn,Female,290,3565599125397390,Lewis
290,jbowman82@tumblr.com,Jerry,Male,291,3576370297686284,Bowman
291,bwagner83@nymag.com,Billy,Male,292,5610326266961341,Wagner
292,kclark84@nbcnews.com,Kathleen,Female,293,3544089212260723,Clark
293,jhanson85@virginia.edu,Jeremy,Male,294,337941663877743,Hanson
294,tmedina86@artisteer.com,Timothy,Male,295,3529622180931435,Medina
295,jgilbert87@blogger.com,Jason,Male,296,676706271287952640,Gilbert
296,dmason88@list-manage.com,Dorothy,Female,297,3540765918534651,Mason
297,ahill89@princeton.edu,Ann,Female,298,4175002116737815,Hill
298,jkelly8a@dell.com,Joe,Male,299,3573407913863245,Kelly
299,eryan8b@sbwire.com,Elizabeth,Female,300,6767742058612925440,Ryan
300,rruiz8c@ucla.edu,Ralph,Male,301,6304715467634484,Ruiz
301,esims8d@pbs.org,Evelyn,Female,302,5893277034193832,Sims
302,nburke8e@php.net,Nancy,Female,303,3544384391372997,Burke
303,wchapman8f@sitemeter.com,Walter,Male,304,3530339211448217,Chapman
304,abailey8g@w3.org,Anna,Female,305,3582531464156474,Bailey
305,fhunt8h@cocolog-nifty.com,Fred,Male,306,3540536692791688,Hunt
306,hpowell8i@gmpg.org,Harry,Male,307,3541983815071490,Powell
307,fwagner8j@tumblr.com,Frances,Female,308,3543961896542488,Wagner
308,pjames8k@ebay.co.uk,Paul,Male,309,3588354043097042,James
309,hfisher8l@i2i.jp,Henry,Male,310,3587371322704065,Fisher
310,nfuller8m@apache.org,Nicole,Female,311,201869097920909,Fuller
311,hchapman8n@auda.org.au,Heather,Female,312,5641821866044889,Chapman
312,mbrooks8o@time.com,Melissa,Female,313,5602250624500320,Brooks
313,wwelch8p@miibeian.gov.cn,Willie,Male,314,5143022294686374,Welch
314,jwhite8q@wikipedia.org,Julia,Female,315,6761839759463927,White
315,wpowell8r@sogou.com,Willie,Male,316,67623174563303384,Powell
316,kriley8s@china.com.cn,Keith,Male,317,3528314338392253,Riley
317,lross8t@mapquest.com,Lillian,Female,318,3576840700811463,Ross
318,elawson8u@addtoany.com,Edward,Male,319,370830608821353,Lawson
319,rpierce8v@toplist.cz,Ruby,Female,320,3541880422750039,Pierce
320,charrison8w@washingtonpost.com,Chris,Male,321,3556113025911408,Harrison
321,mmatthews8x@icq.com,Mary,Female,322,3540152325753630,Matthews
322,egriffin8y@cornell.edu,Ernest,Male,323,491148736203672192,Griffin
323,erussell8z@istockphoto.com,Edward,Male,324,67615608513417720,Russell
324,jsims90@cnn.com,Judith,Female,325,3549659254466738,Sims
325,dcrawford91@biglobe.ne.jp,Debra,Female,326,5610741830885695,Crawford
326,kgomez92@smh.com.au,Kathy,Female,327,3549044865492151,Gomez
327,kromero93@icio.us,Kenneth,Male,328,3549177942165943,Romero
328,jmontgomery94@nifty.com,Justin,Male,329,3559583820632077,Montgomery
329,rspencer95@wp.com,Randy,Male,330,5100146934266460,Spencer
330,ebryant96@opera.com,Evelyn,Female,331,3531003569447416,Bryant
331,emcdonald97@hexun.com,Ernest,Male,332,3529430647487706,Mcdonald
332,emartin98@merriam-webster.com,Edward,Male,333,4913822919392667,Martin
333,bgibson99@sciencedirect.com,Benjamin,Male,334,5010120767888632,Gibson
334,arobinson9a@thetimes.co.uk,Antonio,Male,335,3586785272870686,Robinson
335,rnguyen9b@histats.com,Ronald,Male,336,374288033749218,Nguyen
336,dchavez9c@youku.com,David,Male,337,5018643975792942,Chavez
337,afreeman9d@vkontakte.ru,Adam,Male,338,6762475197148199,Freeman
338,wthompson9e@usatoday.com,Walter,Male,339,3538396111670847,Thompson
339,phenderson9f@wufoo.com,Patrick,Male,340,5100138762552285,Henderson
340,hlynch9g@ibm.com,Henry,Male,341,3543872771315744,Lynch
341,jrobertson9h@diigo.com,Judy,Female,342,5038319048735855616,Robertson
342,hjacobs9i@digg.com,Helen,Female,343,4017957677545,Jacobs
343,ejordan9j@etsy.com,Emily,Female,344,3585210445518782,Jordan
344,nmorgan9k@addthis.com,Norma,Female,345,3553993353067326,Morgan
345,mmartinez9l@alibaba.com,Matthew,Male,346,67091987734073920,Martinez
346,eweaver9m@slashdot.org,Eugene,Male,347,604603049611792,Weaver
347,kjackson9n@prlog.org,Kathryn,Female,348,3553998717134225,Jackson
348,ahenderson9o@desdev.cn,Anthony,Male,349,3570719924633638,Henderson
349,jblack9p@trellian.com,Jean,Female,350,30442573607882,Black
350,cgonzalez9q@exblog.jp,Christine,Female,351,5495336356873116,Gonzalez
351,drogers9r@devhub.com,Donald,Male,352,3575688169868602,Rogers
352,wberry9s@multiply.com,William,Male,353,6761796527902705664,Berry
353,mfreeman9t@home.pl,Martha,Female,354,3540816295808232,Freeman
354,darnold9u@infoseek.co.jp,Donna,Female,355,3586503186972070,Arnold
355,ajordan9v@joomla.org,Andrew,Male,356,633347621707064704,Jordan
356,awells9w@cyberchimps.com,Annie,Female,357,374283858326325,Wells
357,rdixon9x@gravatar.com,Rebecca,Female,358,3583357961229682,Dixon
358,jnguyen9y@illinois.edu,Jason,Male,359,5602229201088990,Nguyen
359,anelson9z@stanford.edu,Angela,Female,360,4911353391296755712,Nelson
360,aturnera0@vistaprint.com,Aaron,Male,361,5602245575319878656,Turner
361,jgibsona1@disqus.com,Justin,Male,362,5445409227326530,Gibson
362,jmorrisa2@zdnet.com,Joe,Male,363,3543808858145026,Morris
363,rharrisa3@washington.edu,Roger,Male,364,3540636417829563,Harris
364,alyncha4@g.co,Aaron,Male,365,4903491762389238784,Lynch
365,mbishopa5@printfriendly.com,Matthew,Male,366,3544003676645030,Bishop
366,candrewsa6@state.gov,Carol,Female,367,5602221512664353,Andrews
367,sschmidta7@skyrock.com,Steven,Male,368,4936538672449701888,Schmidt
368,wwebba8@ovh.net,Willie,Male,369,3576341853642029,Webb
369,rrosea9@uol.com.br,Robin,Female,370,374288088284491,Rose
370,glawsonaa@altervista.org,Gloria,Female,371,5602249881309966336,Lawson
371,pburtonab@php.net,Paula,Female,372,5610855526858301,Burton
372,mjacksonac@hao123.com,Mary,Female,373,3563536876947801,Jackson
373,jparkerad@earthlink.net,James,Male,374,3572970312842111,Parker
374,slewisae@xing.com,Sarah,Female,375,5100147194429699,Lewis
375,rdayaf@posterous.com,Roger,Male,376,4405387494272275,Day
376,bdeanag@ustream.tv,Betty,Female,377,3549183214989291,Dean
377,blopezah@nifty.com,Beverly,Female,378,3571405526639442,Lopez
378,jcoleai@cisco.com,Joyce,Female,379,3560067217892640,Cole
379,awoodsaj@telegraph.co.uk,Anne,Female,380,3585019574500770,Woods
380,dhernandezak@mapy.cz,Dorothy,Female,381,30525381559046,Hernandez
381,emendozaal@google.it,Eric,Male,382,3545457537913046,Mendoza
382,mrichardsonam@newyorker.com,Mary,Female,383,3560636509746761,Richardson
383,adeanan@github.com,Antonio,Male,384,5602242901983105,Dean
384,pstevensao@wordpress.com,Phillip,Male,385,490397341512074688,Stevens
385,rramosap@fc2.com,Robin,Female,386,347007083800943,Ramos
386,dpalmeraq@facebook.com,Donna,Female,387,3583336684520593,Palmer
387,relliottar@google.fr,Robert,Male,388,564182451073915520,Elliott
388,efoxas@walmart.com,Elizabeth,Female,389,5602234431898432,Fox
389,twarrenat@dell.com,Tina,Female,390,3575819858196902,Warren
390,lfisherau@army.mil,Lawrence,Male,391,5602252235153481,Fisher
391,kmatthewsav@last.fm,Kenneth,Male,392,3572984155431536,Matthews
392,ealexanderaw@irs.gov,Evelyn,Female,393,6374903335615274,Alexander
393,jfranklinax@ebay.com,Johnny,Male,394,3548240076782833,Franklin
394,jrogersay@1688.com,Jimmy,Male,395,6399299306753009,Rogers
395,ffranklinaz@mtv.com,Frances,Female,396,604110147717281,Franklin
396,twelchb0@rakuten.co.jp,Tammy,Female,397,3531279765273513,Welch
397,slongb1@bizjournals.com,Scott,Male,398,604488838915350,Long
398,pnelsonb2@dailymotion.com,Peter,Male,399,3573533574429768,Nelson
399,maustinb3@hibu.com,Mildred,Female,400,50206712461087488,Austin
400,dgibsonb4@vkontakte.ru,Diane,Female,401,3588169440391115,Gibson
401,rwilliamsb5@twitter.com,Randy,Male,402,3542812960912316,Williams
402,pgarzab6@google.it,Phillip,Male,403,4753775254147,Garza
403,bcrawfordb7@blogtalkradio.com,Brian,Male,404,3528860600177038,Crawford
404,jjamesb8@shop-pro.jp,Jeremy,Male,405,3560389946992875,James
405,mharrisb9@mapy.cz,Melissa,Female,406,3541520007513127,Harris
406,jgriffinba@1688.com,James,Male,407,3551431359403312,Griffin
407,bjenkinsbb@fda.gov,Barbara,Female,408,3557762136605884,Jenkins
408,dbanksbc@pen.io,Diane,Female,409,3581019493522594,Banks
409,ddeanbd@acquirethisname.com,Daniel,Male,410,67712292474987200,Dean
410,ehawkinsbe@sun.com,Earl,Male,411,3566165655690866,Hawkins
411,klittlebf@macromedia.com,Kimberly,Female,412,4903415966797342,Little
412,rreidbg@nationalgeographic.com,Ronald,Male,413,3535308171120012,Reid
413,ghendersonbh@cnbc.com,George,Male,414,6331105708618859,Henderson
414,cwalkerbi@disqus.com,Craig,Male,415,3574031324981260,Walker
415,khughesbj@kickstarter.com,Kevin,Male,416,503831315268758144,Hughes
416,dvasquezbk@google.pl,Diana,Female,417,561016102171685888,Vasquez
417,shallbl@berkeley.edu,Susan,Female,418,3533869637295591,Hall
418,jblackbm@imdb.com,Jacqueline,Female,419,372301493288338,Black
419,jkellybn@yellowpages.com,Jacqueline,Female,420,3549635050835425,Kelly
420,jgriffinbo@yahoo.co.jp,Julie,Female,421,676125611667386496,Griffin
421,jfloresbp@upenn.edu,Joshua,Male,422,5104796771029250,Flores
422,gtaylorbq@simplemachines.org,Gregory,Male,423,374288698527636,Taylor
423,rreedbr@smugmug.com,Randy,Male,424,3561954768841127,Reed
424,trussellbs@com.com,Todd,Male,425,6767069475456690,Russell
425,eduncanbt@mysql.com,Eugene,Male,426,50388566802605472,Duncan
426,ckimbu@reuters.com,Carl,Male,427,67092076145627336,Kim
427,bvasquezbv@netscape.com,Brandon,Male,428,3554890026738672,Vasquez
428,agreenebw@census.gov,Amy,Female,429,5602236689384643,Greene
429,kwatkinsbx@purevolume.com,Kimberly,Female,430,3586815548402152,Watkins
430,ccookby@ucoz.com,Carlos,Male,431,3573226137629574,Cook
431,vcruzbz@fc2.com,Victor,Male,432,201637221188853,Cruz
432,jreidc0@toplist.cz,Jeffrey,Male,433,3539016637472523,Reid
433,gfranklinc1@godaddy.com,Gregory,Male,434,5010125070410081,Franklin
434,rhendersonc2@theguardian.com,Ryan,Male,435,3539644440872686,Henderson
435,jmcdonaldc3@taobao.com,James,Male,436,3563652436863501,Mcdonald
436,gfosterc4@hubpages.com,Gregory,Male,437,5519177336116198,Foster
437,jmoorec5@google.com,Julie,Female,438,3577262469405289,Moore
438,kmarshallc6@slashdot.org,Kimberly,Female,439,6046082118346817,Marshall
439,mmitchellc7@amazon.de,Martha,Female,440,6304205123739295744,Mitchell
440,vgreenec8@fastcompany.com,Virginia,Female,441,5007662884198440,Greene
441,jstanleyc9@eepurl.com,Jeffrey,Male,442,3546742570032229,Stanley
442,dmillsca@slideshare.net,David,Male,443,3578120201396191,Mills
443,skingcb@storify.com,Sean,Male,444,3563619122576515,King
444,tperkinscc@cisco.com,Timothy,Male,445,4913929175188810,Perkins
445,rcoopercd@bbb.org,Rachel,Female,446,201794645026456,Cooper
446,jvasquezce@harvard.edu,Joseph,Male,447,3535032903807114,Vasquez
447,jramirezcf@fda.gov,Joe,Male,448,3553507682229058,Ramirez
448,jmeyercg@diigo.com,Johnny,Male,449,3564290713558236,Meyer
449,crosech@washingtonpost.com,Clarence,Male,450,4844363378852564,Rose
450,jstevensci@reverbnation.com,Joshua,Male,451,5108753525692129,Stevens
451,ndiazcj@ustream.tv,Nicole,Female,452,30212273650981,Diaz
452,krobinsonck@si.edu,Kevin,Male,453,3562140339958009,Robinson
453,jsullivancl@upenn.edu,Jack,Male,454,3553576736114749,Sullivan
454,dwallacecm@noaa.gov,Donald,Male,455,5602212050906447,Wallace
455,cflorescn@columbia.edu,Catherine,Female,456,6331101070214963,Flores
456,palexanderco@bravesites.com,Pamela,Female,457,633492141215103488,Alexander
457,jalvarezcp@sbwire.com,Justin,Male,458,3534423757824290,Alvarez
458,chuntcq@slashdot.org,Christopher,Male,459,5602251983657412,Hunt
459,sromerocr@mac.com,Shawn,Male,460,6390595189632874,Romero
460,bturnercs@tinypic.com,Brenda,Female,461,3580854407375023,Turner
461,ljacksonct@csmonitor.com,Lawrence,Male,462,3560231305668698,Jackson
462,jstonecu@uol.com.br,Justin,Male,463,3534993798911694,Stone
463,lrogerscv@fotki.com,Larry,Male,464,5602226698241793,Rogers
464,rcoopercw@nytimes.com,Rose,Female,465,3555793402849395,Cooper
465,rdiazcx@liveinternet.ru,Randy,Male,466,5602235968986367,Diaz
466,mpowellcy@nymag.com,Mary,Female,467,6388786358905944,Powell
467,pwatsoncz@drupal.org,Paula,Female,468,4508506497970744,Watson
468,brichardsond0@baidu.com,Bobby,Male,469,4917876559864472,Richardson
469,dmorrisond1@addthis.com,Douglas,Male,470,5610481578243249152,Morrison
470,jdayd2@biblegateway.com,Jacqueline,Female,471,5018464952965562368,Day
471,nharrisond3@123-reg.co.uk,Nicole,Female,472,3587603182903316,Harrison
472,whayesd4@walmart.com,Wanda,Female,473,3572147213981492,Hayes
473,ccarpenterd5@hud.gov,Christine,Female,474,346422193457156,Carpenter
474,dellisd6@google.nl,Daniel,Male,475,3571344322466009,Ellis
475,scastillod7@angelfire.com,Scott,Male,476,3540282060512774,Castillo
476,rellisd8@surveymonkey.com,Roy,Male,477,3558833319529453,Ellis
477,gchapmand9@tmall.com,Gregory,Male,478,3539228023210207,Chapman
478,etorresda@ezinearticles.com,Ernest,Male,479,3582882497859174,Torres
479,jsullivandb@photobucket.com,Julie,Female,480,5610566557015667,Sullivan
480,chicksdc@mapy.cz,Christopher,Male,481,56022367411770592,Hicks
481,kgilbertdd@histats.com,Kimberly,Female,482,30431334085363,Gilbert
482,sriverade@seesaa.net,Sara,Female,483,5010126810325696,Rivera
483,ffrazierdf@4shared.com,Fred,Male,484,5002357537095763,Frazier
484,shicksdg@shareasale.com,Shirley,Female,485,372301788346197,Hicks
485,mrodriguezdh@chronoengine.com,Melissa,Female,486,3583652320940890,Rodriguez
486,pmendozadi@ucoz.com,Patricia,Female,487,4335321466203237,Mendoza
487,espencerdj@nhs.uk,Eric,Male,488,3574590063469977,Spencer
488,mbrooksdk@earthlink.net,Melissa,Female,489,6763963451181831,Brooks
489,jmendozadl@java.com,Jean,Female,490,4903240626564183,Mendoza
490,cmontgomerydm@flavors.me,Carol,Female,491,3586236190970026,Montgomery
491,jrobertsondn@foxnews.com,Judith,Female,492,201959164746731,Robertson
492,thenrydo@edublogs.org,Terry,Male,493,374288424123627,Henry
493,lcarrolldp@issuu.com,Lori,Female,494,3542038452693806,Carroll
494,driveradq@addtoany.com,Diana,Female,495,3534224357719512,Rivera
495,ereynoldsdr@pinterest.com,Eugene,Male,496,3577550233233320,Reynolds
496,tspencerds@mlb.com,Thomas,Male,497,3558859908894172,Spencer
497,dcarrdt@i2i.jp,Dennis,Male,498,3578152305953544,Carr
498,cjacksondu@wufoo.com,Carolyn,Female,499,3549582716674592,Jackson
499,kwooddv@reddit.com,Kathy,Female,500,4041378327769967,Wood
500,mhamiltondw@ted.com,Melissa,Female,501,201499922193629,Hamilton
501,dchapmandx@ezinearticles.com,Daniel,Male,502,3533338730217241,Chapman
502,sstanleydy@elegantthemes.com,Sharon,Female,503,341063875216109,Stanley
503,anguyendz@about.me,Andrew,Male,504,4844187735769744,Nguyen
504,kcoxe0@ycombinator.com,Kathleen,Female,505,3553598499034831,Cox
505,braye1@goo.ne.jp,Bruce,Male,506,30171903231572,Ray
506,palvareze2@wsj.com,Paul,Male,507,337941740122592,Alvarez
507,mburkee3@cnn.com,Maria,Female,508,5602215532580383,Burke
508,jmoralese4@ow.ly,Joe,Male,509,3582205468322941,Morales
509,gmcdonalde5@oakley.com,Gary,Male,510,3570230389706190,Mcdonald
510,cchaveze6@theatlantic.com,Christine,Female,511,6767824733015791616,Chavez
511,cpaynee7@fc2.com,Cynthia,Female,512,372301426098747,Payne
512,emorrise8@sina.com.cn,Edward,Male,513,3560862059858448,Morris
513,fjohnsone9@blogtalkradio.com,Fred,Male,514,375197442703790,Johnson
514,pfisherea@kickstarter.com,Philip,Male,515,490362599158864192,Fisher
515,elongeb@usnews.com,Eugene,Male,516,6761595999276135424,Long
516,dscottec@paginegialle.it,Douglas,Male,517,341415160241160,Scott
517,kbradleyed@cpanel.net,Kathleen,Female,518,5100176233526058,Bradley
518,egrantee@nationalgeographic.com,Evelyn,Female,519,5586791416358369,Grant
519,rjacobsef@tmall.com,Robert,Male,520,3566513793452055,Jacobs
520,earnoldeg@123-reg.co.uk,Ernest,Male,521,6304047927508360192,Arnold
521,mhamiltoneh@sina.com.cn,Michelle,Female,522,4041593898531238,Hamilton
522,shallei@netlog.com,Sandra,Female,523,4903332482144463,Hall
523,sscottej@fotki.com,Sharon,Female,524,5610742324734779,Scott
524,lkennedyek@techcrunch.com,Lawrence,Male,525,3550447911622620,Kennedy
525,vhayesel@abc.net.au,Virginia,Female,526,201948301277064,Hayes
526,dkingem@narod.ru,Douglas,Male,527,4905406739170253824,King
527,jfloresen@scientificamerican.com,John,Male,528,201424954353289,Flores
528,djohnsoneo@zimbio.com,Diane,Female,529,5108754625499621,Johnson
529,sbennettep@bing.com,Samuel,Male,530,6759774837461839,Bennett
530,cstewarteq@cocolog-nifty.com,Carl,Male,531,4917447311838392,Stewart
531,psnyderer@cyberchimps.com,Peter,Male,532,67716809900202712,Snyder
532,rburnses@whitehouse.gov,Robin,Female,533,4026373091005416,Burns
533,cfrazieret@pcworld.com,Catherine,Female,534,3539452622237797,Frazier
534,jgonzalezeu@ed.gov,Joan,Female,535,201623797632649,Gonzalez
535,dscottev@auda.org.au,Deborah,Female,536,6771368701722157056,Scott
536,msanchezew@mashable.com,Michelle,Female,537,4041376972510512,Sanchez
537,jgonzalesex@tinypic.com,Jeffrey,Male,538,3579191634934402,Gonzales
538,swatkinsey@eventbrite.com,Stephanie,Female,539,5602212140299357,Watkins
539,bpetersez@netlog.com,Brian,Male,540,6762785524959119360,Peters
540,wwarrenf0@printfriendly.com,William,Male,541,5100136193752284,Warren
541,dmorganf1@blogspot.com,Dennis,Male,542,3532505831513758,Morgan
542,prossf2@businessweek.com,Patrick,Male,543,5508091974990264,Ross
543,pkimf3@ted.com,Patricia,Female,544,337941785651232,Kim
544,bgrantf4@wufoo.com,Betty,Female,545,372301396278808,Grant
545,jmatthewsf5@slate.com,Janet,Female,546,560222945349288256,Matthews
546,fmyersf6@va.gov,Frank,Male,547,3552921555471898,Myers
547,bfrazierf7@e-recht24.de,Brenda,Female,548,5002355794836432,Frazier
548,sschmidtf8@rakuten.co.jp,Sean,Male,549,3578388698338840,Schmidt
549,ejamesf9@xinhuanet.com,Elizabeth,Female,550,3574957065121122,James
550,rmeyerfa@phpbb.com,Ruth,Female,551,501821067564871808,Meyer
551,cpalmerfb@forbes.com,Craig,Male,552,30487116534788,Palmer
552,ggarzafc@wiley.com,Gloria,Female,553,201937731969788,Garza
553,sbishopfd@myspace.com,Stephanie,Female,554,3559226137366456,Bishop
554,esullivanfe@usda.gov,Edward,Male,555,6767233562954215424,Sullivan
555,cbaileyff@cargocollective.com,Charles,Male,556,3528871003127132,Bailey
556,dpetersonfg@mediafire.com,Denise,Female,557,3544653270539904,Peterson
557,pbutlerfh@usnews.com,Paula,Female,558,5048374495940100,Butler
558,tpetersonfi@a8.net,Thomas,Male,559,337941202013438,Peterson
559,jcarrollfj@auda.org.au,Jacqueline,Female,560,3544663803249319,Carroll
560,jchapmanfk@desdev.cn,Jane,Female,561,5111235095560261,Chapman
561,pmitchellfl@etsy.com,Paula,Female,562,5100147590706369,Mitchell
562,rwatsonfm@soundcloud.com,Roy,Male,563,4041377286259259,Watson
563,cgarciafn@simplemachines.org,Carlos,Male,564,3549449205619209,Garcia
564,wdixonfo@hugedomains.com,William,Male,565,5415779753726139,Dixon
565,agrantfp@wufoo.com,Ann,Female,566,5602246701785263,Grant
566,jfloresfq@artisteer.com,Joshua,Male,567,4913859218917208,Flores
567,tandrewsfr@miibeian.gov.cn,Tina,Female,568,374288999232225,Andrews
568,jbowmanfs@npr.org,Janice,Female,569,3560362209882919,Bowman
569,jcooperft@technorati.com,Jessica,Female,570,374288436756778,Cooper
570,ecolefu@virginia.edu,Earl,Male,571,490399392383993536,Cole
571,bmoralesfv@kickstarter.com,Bonnie,Female,572,4936076785108813,Morales
572,swillisfw@discuz.net,Susan,Female,573,5007664996920547,Willis
573,ariverafx@ucoz.com,Amanda,Female,574,4405007754625760,Rivera
574,kgibsonfy@go.com,Keith,Male,575,3588882999838605,Gibson
575,kreedfz@feedburner.com,Kenneth,Male,576,3557039967625723,Reed
576,lhayesg0@zimbio.com,Larry,Male,577,3576004014704332,Hayes
577,rfrazierg1@youku.com,Robert,Male,578,3573414999285442,Frazier
578,jgriffing2@reverbnation.com,Johnny,Male,579,374283722567187,Griffin
579,tcrawfordg3@marketwatch.com,Todd,Male,580,3565336859772740,Crawford
580,jsandersg4@nature.com,John,Male,581,5602258833514339,Sanders
581,boliverg5@aboutads.info,Beverly,Female,582,3532934048803143,Oliver
582,bkelleyg6@economist.com,Billy,Male,583,6381046574939566,Kelley
583,kriverag7@so-net.ne.jp,Kimberly,Female,584,6334095443065745408,Rivera
584,dmccoyg8@blog.com,Donna,Female,585,3581076927158841,Mccoy
585,asimmonsg9@t.co,Annie,Female,586,374283136137791,Simmons
586,ldanielsga@nydailynews.com,Laura,Female,587,3572867725286391,Daniels
587,afraziergb@mail.ru,Anthony,Male,588,201500234149595,Frazier
588,rarnoldgc@nature.com,Ralph,Male,589,201869654391874,Arnold
589,flewisgd@yellowpages.com,Frank,Male,590,3581258190261516,Lewis
590,asandersge@sbwire.com,Andrew,Male,591,5020080694437079040,Sanders
591,portizgf@nih.gov,Peter,Male,592,5100175085961629,Ortiz
592,jlonggg@blogs.com,Janet,Female,593,6384770754563949,Long
593,llawsongh@yolasite.com,Larry,Male,594,5018552306753681,Lawson
594,ppalmergi@feedburner.com,Paul,Male,595,4405390189567645,Palmer
595,adeangj@guardian.co.uk,Andrew,Male,596,4903342120793362432,Dean
596,jharpergk@fda.gov,Jeremy,Male,597,6370461465895657,Harper
597,bfordgl@pagesperso-orange.fr,Billy,Male,598,3534122565543593,Ford
598,lwheelergm@instagram.com,Laura,Female,599,6759928592352175,Wheeler
599,lrobertsgn@prweb.com,Louis,Male,600,3546849779176499,Roberts
600,mlopezgo@macromedia.com,Mary,Female,601,3578132426204167,Lopez
601,jcastillogp@msu.edu,Jessica,Female,602,4917724676661332,Castillo
602,tmooregq@ebay.com,Timothy,Male,603,6370575295690168,Moore
603,estanleygr@go.com,Ernest,Male,604,6333127825851661312,Stanley
604,jgriffings@vk.com,Janet,Female,605,4917512400157812,Griffin
605,rbradleygt@abc.net.au,Ryan,Male,606,347656149460934,Bradley
606,mwilsongu@dedecms.com,Mildred,Female,607,5108750035586676,Wilson
607,apowellgv@devhub.com,Andrea,Female,608,3566341721557153,Powell
608,rhernandezgw@bloglovin.com,Randy,Male,609,3579216646366879,Hernandez
609,jcolemangx@netlog.com,Janet,Female,610,5007662248777095,Coleman
610,rreedgy@eepurl.com,Ruth,Female,611,30129781297891,Reed
611,jbryantgz@ezinearticles.com,Jane,Female,612,3555358427568154,Bryant
612,rmontgomeryh0@bloglines.com,Ryan,Male,613,30582395164289,Montgomery
613,dharperh1@cnbc.com,Daniel,Male,614,490542033064113920,Harper
614,rwrighth2@multiply.com,Ruth,Female,615,3559532694421208,Wright
615,balvarezh3@yahoo.com,Benjamin,Male,616,5007665321847867,Alvarez
616,ahowardh4@biblegateway.com,Amanda,Female,617,503804464496643264,Howard
617,rhallh5@bbb.org,Roger,Male,618,340531750718358,Hall
618,kroseh6@cnet.com,Karen,Female,619,676234215286292352,Rose
619,iperryh7@house.gov,Irene,Female,620,201522227444387,Perry
620,tsimmonsh8@mlb.com,Theresa,Female,621,3586211005304786,Simmons
621,wlongh9@nih.gov,Wayne,Male,622,5100130733439379,Long
622,hstoneha@disqus.com,Harry,Male,623,5521432222608634,Stone
623,rmasonhb@zimbio.com,Rebecca,Female,624,201994178395126,Mason
624,wschmidthc@dailymail.co.uk,Wanda,Female,625,3528483542818898,Schmidt
625,jhendersonhd@noaa.gov,Jean,Female,626,56022546504101296,Henderson
626,towenshe@examiner.com,Timothy,Male,627,5206911365777340,Owens
627,wbradleyhf@jalbum.net,William,Male,628,56022134954999096,Bradley
628,dperryhg@hc360.com,David,Male,629,3569314156823777,Perry
629,kwellshh@feedburner.com,Kenneth,Male,630,6761639848533320,Wells
630,lyounghi@booking.com,Lori,Female,631,30168008122151,Young
631,sporterhj@cornell.edu,Shawn,Male,632,5602229591961319,Porter
632,kjordanhk@unicef.org,Karen,Female,633,5602251966118374,Jordan
633,tfullerhl@va.gov,Tammy,Female,634,4405088659861205,Fuller
634,bharrisonhm@mashable.com,Betty,Female,635,3537670787839766,Harrison
635,rgomezhn@indiatimes.com,Roy,Male,636,67097597866313928,Gomez
636,phallho@tamu.edu,Patrick,Male,637,3556088821830475,Hall
637,kedwardshp@mapquest.com,Kathryn,Female,638,3572213758740741,Edwards
638,ashawhq@youtube.com,Adam,Male,639,6304919744638007296,Shaw
639,amendozahr@taobao.com,Anna,Female,640,67595685218431392,Mendoza
640,bricehs@sfgate.com,Bobby,Male,641,30413588198498,Rice
641,syounght@squarespace.com,Sarah,Female,642,67599730751203032,Young
642,jbowmanhu@histats.com,Jesse,Male,643,560221430472144640,Bowman
643,jmedinahv@toplist.cz,Joshua,Male,644,630437969820296064,Medina
644,rfieldshw@ibm.com,Ruby,Female,645,5277541781038219,Fields
645,agreenehx@latimes.com,Adam,Male,646,5610075496576821,Greene
646,jbradleyhy@theatlantic.com,Jeremy,Male,647,5108752307889788,Bradley
647,ljacobshz@clickbank.net,Louise,Female,648,633110832979927808,Jacobs
648,msandersi0@bloglines.com,Margaret,Female,649,30541879439419,Sanders
649,evasquezi1@squarespace.com,Edward,Male,650,5304456659158493,Vasquez
650,kmorrisi2@tinypic.com,Kimberly,Female,651,3552951539900290,Morris
651,sricei3@networkadvertising.org,Sarah,Female,652,4936905886131271680,Rice
652,alongi4@mtv.com,Angela,Female,653,5100141511023483,Long
653,jrossi5@berkeley.edu,Jack,Male,654,3529998295114889,Ross
654,ccooperi6@parallels.com,Christina,Female,655,3566244890328002,Cooper
655,abradleyi7@theatlantic.com,Alice,Female,656,3529953161779828,Bradley
656,jromeroi8@yolasite.com,Jonathan,Male,657,5108756272143642,Romero
657,ncrawfordi9@vinaora.com,Norma,Female,658,5002354675012106,Crawford
658,lvasquezia@cmu.edu,Lisa,Female,659,3552975040741216,Vasquez
659,ipowellib@mozilla.com,Irene,Female,660,3549322393966833,Powell
660,ewilsonic@nymag.com,Elizabeth,Female,661,3570699984130198,Wilson
661,hwoodsid@booking.com,Howard,Male,662,3547981655588783,Woods
662,mgonzalesie@zimbio.com,Mildred,Female,663,3565917351745696,Gonzales
663,mrobertsonif@twitpic.com,Martha,Female,664,3547959869240508,Robertson
664,hscottig@wikispaces.com,Harry,Male,665,3548930390805878,Scott
665,rthomasih@yellowbook.com,Richard,Male,666,3560861032412430,Thomas
666,jwheelerii@oakley.com,Justin,Male,667,5602248320169256960,Wheeler
667,bpetersonij@apple.com,Billy,Male,668,5100177787590383,Peterson
668,jjohnstonik@hp.com,Julia,Female,669,30298074859210,Johnston
669,vvasquezil@cam.ac.uk,Virginia,Female,670,3541050376294166,Vasquez
670,abrownim@google.nl,Ashley,Female,671,3566184496154735,Brown
671,tpricein@surveymonkey.com,Teresa,Female,672,6759397478682149,Price
672,cporterio@ucla.edu,Cynthia,Female,673,3553704937313593,Porter
673,egarzaip@cornell.edu,Earl,Male,674,3571163987520078,Garza
674,tmorenoiq@deliciousdays.com,Tina,Female,675,3576191367200875,Moreno
675,jmyersir@mit.edu,Joyce,Female,676,3529369938741233,Myers
676,halexanderis@histats.com,Henry,Male,677,5641822778945595392,Alexander
677,cdixonit@baidu.com,Charles,Male,678,376120852551474,Dixon
678,tfisheriu@webs.com,Teresa,Female,679,561067283397301120,Fisher
679,ehicksiv@elegantthemes.com,Emily,Female,680,372301669947840,Hicks
680,dweaveriw@deliciousdays.com,Donna,Female,681,201583665696243,Weaver
681,btorresix@jugem.jp,Brandon,Male,682,3535539107793940,Torres
682,scoxiy@unblog.fr,Shirley,Female,683,5479631749448661,Cox
683,sedwardsiz@ameblo.jp,Stephanie,Female,684,3567053959040195,Edwards
684,ghansenj0@ebay.com,Gerald,Male,685,5325548383913535,Hansen
685,jallenj1@utexas.edu,Jessica,Female,686,3581438295786894,Allen
686,arobinsonj2@boston.com,Aaron,Male,687,3583964908104231,Robinson
687,kfordj3@hp.com,Katherine,Female,688,372301241511668,Ford
688,lsullivanj4@nationalgeographic.com,Larry,Male,689,5610182197778211840,Sullivan
689,kcookj5@histats.com,Kathleen,Female,690,3556541372354931,Cook
690,bellisj6@upenn.edu,Benjamin,Male,691,36738984462724,Ellis
691,kbutlerj7@abc.net.au,Kathy,Female,692,6762623431573652,Butler
692,bbishopj8@craigslist.org,Bruce,Male,693,5602225278844745,Bishop
693,ascottj9@wisc.edu,Anna,Female,694,5020415078288425,Scott
694,hlawsonja@friendfeed.com,Harold,Male,695,5010124887356322,Lawson
695,jgibsonjb@netvibes.com,Jerry,Male,696,6334223382470898,Gibson
696,jlawsonjc@odnoklassniki.ru,Jacqueline,Female,697,4844313029650362,Lawson
697,agardnerjd@who.int,Andrea,Female,698,3569139351480713,Gardner
698,kwellsje@artisteer.com,Kathleen,Female,699,5100172903819154,Wells
699,rsullivanjf@ezinearticles.com,Ruby,Female,700,4905623924513915904,Sullivan
700,kwilliamsonjg@exblog.jp,Keith,Male,701,3555221092032924,Williamson
701,hharrisjh@hexun.com,Heather,Female,702,3556414744697884,Harris
702,rhuntji@cbc.ca,Ralph,Male,703,3577183336175840,Hunt
703,awrightjj@smh.com.au,Anne,Female,704,5018575803208761344,Wright
704,rhamiltonjk@dot.gov,Ruby,Female,705,502058223546881792,Hamilton
705,elanejl@deliciousdays.com,Elizabeth,Female,706,3560952762689519,Lane
706,jfordjm@businessinsider.com,Joshua,Male,707,6373743421239808,Ford
707,wporterjn@blogger.com,Wanda,Female,708,4405456350377054,Porter
708,holsonjo@github.com,Harold,Male,709,50183144925170864,Olson
709,rmcdonaldjp@ihg.com,Roger,Male,710,201629964382785,Mcdonald
710,rreyesjq@theguardian.com,Russell,Male,711,6399367378799000,Reyes
711,levansjr@bluehost.com,Lawrence,Male,712,3578519498816441,Evans
712,jjacobsjs@google.pl,James,Male,713,5246094096059791,Jacobs
713,rmurrayjt@pen.io,Roger,Male,714,30071713856255,Murray
714,jturnerju@com.com,Justin,Male,715,6304299289780748288,Turner
715,stuckerjv@creativecommons.org,Shawn,Male,716,5212897620808610,Tucker
716,asimsjw@marriott.com,Alice,Female,717,4917810316659818,Sims
717,bmillsjx@hp.com,Betty,Female,718,5610859006170922,Mills
718,cmyersjy@bloglines.com,Cynthia,Female,719,3551415096119463,Myers
719,cmitchelljz@thetimes.co.uk,Christina,Female,720,4903784997892813824,Mitchell
720,arussellk0@berkeley.edu,Adam,Male,721,5582126070491822,Russell
721,jdayk1@over-blog.com,Jane,Female,722,3556147736438954,Day
722,fporterk2@vinaora.com,Frances,Female,723,3573197048488758,Porter
723,roliverk3@clickbank.net,Raymond,Male,724,4175004226057704,Oliver
724,rramosk4@usatoday.com,Russell,Male,725,201576021237694,Ramos
725,mmillerk5@mashable.com,Mary,Female,726,3557195525668181,Miller
726,ahowardk6@elegantthemes.com,Alice,Female,727,374283224841478,Howard
727,sfosterk7@blogs.com,Sarah,Female,728,201406368232126,Foster
728,afordk8@instagram.com,Antonio,Male,729,30100917400238,Ford
729,walvarezk9@miibeian.gov.cn,Wanda,Female,730,633494595421983744,Alvarez
730,bgibsonka@stanford.edu,Bonnie,Female,731,630467909404992256,Gibson
731,rwilliamsonkb@nbcnews.com,Ronald,Male,732,201739132862285,Williamson
732,jhugheskc@purevolume.com,John,Male,733,4041593056157891,Hughes
733,bhawkinskd@webmd.com,Barbara,Female,734,4041376983573,Hawkins
734,gelliske@geocities.jp,Gloria,Female,735,490394270952559680,Ellis
735,nfrazierkf@icio.us,Norma,Female,736,560223107247994496,Frazier
736,challkg@paypal.com,Carolyn,Female,737,491120460237716928,Hall
737,hgarciakh@goo.ne.jp,Henry,Male,738,5610910501373501,Garcia
738,dramoski@walmart.com,Diana,Female,739,6389701663565860,Ramos
739,jbellkj@usa.gov,Jeremy,Male,740,5390822623394636,Bell
740,jmorgankk@amazon.co.jp,Jimmy,Male,741,3532552099228562,Morgan
741,csmithkl@ocn.ne.jp,Clarence,Male,742,5478168603889459,Smith
742,kbarneskm@amazon.co.jp,Kathleen,Female,743,3564752639592938,Barnes
743,cramirezkn@gnu.org,Chris,Male,744,3536052617268402,Ramirez
744,aharveyko@linkedin.com,Andrew,Male,745,5290622748715264,Harvey
745,mruizkp@flickr.com,Maria,Female,746,3541834962205177,Ruiz
746,jjoneskq@google.com.au,Joe,Male,747,6399426299133366,Jones
747,calexanderkr@constantcontact.com,Catherine,Female,748,201653206400726,Alexander
748,amorganks@booking.com,Andrew,Male,749,5602244191625859,Morgan
749,hwarrenkt@fema.gov,Heather,Female,750,4913648080760337,Warren
750,rgrayku@tripod.com,Raymond,Male,751,3528360578377793,Gray
751,mmartinezkv@nasa.gov,Mary,Female,752,201481089563745,Martinez
752,gstevenskw@bbb.org,George,Male,753,5602218094476347,Stevens
753,phudsonkx@microsoft.com,Paula,Female,754,3551236910551222,Hudson
754,cmoralesky@cbc.ca,Cheryl,Female,755,5641822402069711,Morales
755,hgrantkz@histats.com,Harry,Male,756,30570800101954,Grant
756,nsimmonsl0@hatena.ne.jp,Nicholas,Male,757,3534230440326769,Simmons
757,thuntl1@google.pl,Timothy,Male,758,560223292960749760,Hunt
758,mporterl2@google.com.br,Mary,Female,759,337941833032815,Porter
759,astonel3@sbwire.com,Albert,Male,760,3572644629813426,Stone
760,jbutlerl4@furl.net,Judith,Female,761,5010128995364037,Butler
761,brogersl5@accuweather.com,Brian,Male,762,36171668741561,Rogers
762,wmorenol6@soundcloud.com,Walter,Male,763,4175003817781078,Moreno
763,aknightl7@wix.com,Adam,Male,764,5386598038547432,Knight
764,sreynoldsl8@storify.com,Scott,Male,765,670662078474268032,Reynolds
765,pwoodsl9@toplist.cz,Philip,Male,766,201576979529290,Woods
766,rwellsla@tamu.edu,Robin,Female,767,30045646941038,Wells
767,kfergusonlb@tuttocitta.it,Kathleen,Female,768,3548069949226177,Ferguson
768,tsanchezlc@is.gd,Terry,Male,769,3581481166664030,Sanchez
769,cgilbertld@weather.com,Christopher,Male,770,3540941171353176,Gilbert
770,jromerole@ucsd.edu,Jason,Male,771,5602217753034868,Romero
771,cbennettlf@state.tx.us,Carl,Male,772,501852428552191040,Bennett
772,cwilliamslg@goo.gl,Charles,Male,773,633110084089308032,Williams
773,hwilliamsonlh@ca.gov,Harold,Male,774,5100136239829963,Williamson
774,dpowellli@businessinsider.com,David,Male,775,3579386284167200,Powell
775,btaylorlj@tmall.com,Brenda,Female,776,374283541533501,Taylor
776,ncarpenterlk@ucoz.ru,Nicholas,Male,777,5165868299871905,Carpenter
777,alewisll@weebly.com,Ann,Female,778,67634050274610616,Lewis
778,cgilbertlm@csmonitor.com,Christopher,Male,779,3528750667935271,Gilbert
779,ejonesln@yellowbook.com,Eugene,Male,780,5602257594913490,Jones
780,smccoylo@foxnews.com,Sean,Male,781,3548184330351235,Mccoy
781,sfranklinlp@wikispaces.com,Stephen,Male,782,50385906786959712,Franklin
782,aoliverlq@miitbeian.gov.cn,Alan,Male,783,3564020322371394,Oliver
783,aedwardslr@cam.ac.uk,Alan,Male,784,5602210767487537,Edwards
784,dnelsonls@blinklist.com,Dennis,Male,785,676340709065567616,Nelson
785,sgarzalt@ucsd.edu,Scott,Male,786,6373542533362502,Garza
786,jandersonlu@pcworld.com,Jesse,Male,787,3567180695948587,Anderson
787,jmccoylv@sphinn.com,Johnny,Male,788,30546908020866,Mccoy
788,sfisherlw@ustream.tv,Sandra,Female,789,30396015674936,Fisher
789,ashawlx@hugedomains.com,Anne,Female,790,3551742055712933,Shaw
790,cgarcialy@drupal.org,Carl,Male,791,67067138929740728,Garcia
791,cortizlz@indiatimes.com,Christopher,Male,792,5602232027466689,Ortiz
792,cclarkm0@hubpages.com,Cheryl,Female,793,3544134066241880,Clark
793,lwheelerm1@usnews.com,Lois,Female,794,201513373633121,Wheeler
794,kjohnsonm2@networkadvertising.org,Kathleen,Female,795,4041374981892,Johnson
795,cberrym3@last.fm,Craig,Male,796,3544189720660149,Berry
796,jturnerm4@mashable.com,Julie,Female,797,675970537839450368,Turner
797,jstephensm5@hatena.ne.jp,Janet,Female,798,337941337021116,Stephens
798,kgomezm6@multiply.com,Keith,Male,799,3559063615864250,Gomez
799,slynchm7@oaic.gov.au,Steven,Male,800,5602211782122133,Lynch
800,phuntm8@istockphoto.com,Patrick,Male,801,3542960452326063,Hunt
801,nharrism9@eepurl.com,Nancy,Female,802,3535194920080206,Harris
802,dfernandezma@zimbio.com,Douglas,Male,803,3564100180091183,Fernandez
803,shillmb@edublogs.org,Sean,Male,804,3566906392073662,Hill
804,nstanleymc@is.gd,Norma,Female,805,3574494678643979,Stanley
805,bpetersmd@sogou.com,Bobby,Male,806,5610469342212055,Peters
806,ecampbellme@microsoft.com,Edward,Male,807,3533607703237752,Campbell
807,hstevensmf@symantec.com,Harry,Male,808,3543781232425945,Stevens
808,tcollinsmg@diigo.com,Teresa,Female,809,3587386396110700,Collins
809,eramosmh@51.la,Edward,Male,810,3583366219343914,Ramos
810,nedwardsmi@booking.com,Nicole,Female,811,6767767525685719,Edwards
811,ptuckermj@weebly.com,Phillip,Male,812,201625351265666,Tucker
812,jfraziermk@cam.ac.uk,Jessica,Female,813,3549504941303342,Frazier
813,lmillsml@pcworld.com,Laura,Female,814,6771209785678473216,Mills
814,afloresmm@arstechnica.com,Alan,Male,815,3546503794319721,Flores
815,gbanksmn@dailymotion.com,Gregory,Male,816,3538016551303960,Banks
816,jmillermo@youtube.com,Jacqueline,Female,817,201636930140502,Miller
817,bhuntmp@amazonaws.com,Bonnie,Female,818,4041595548322,Hunt
818,jmyersmq@weather.com,John,Male,819,3547987074322233,Myers
819,lmendozamr@stanford.edu,Linda,Female,820,3584304390845851,Mendoza
820,mkimms@yellowpages.com,Marie,Female,821,3582179803971896,Kim
821,rfloresmt@soundcloud.com,Roy,Male,822,374622897759741,Flores
822,nchapmanmu@desdev.cn,Nancy,Female,823,4175000688361956,Chapman
823,bwatsonmv@yahoo.co.jp,Bruce,Male,824,5038391092572803072,Watson
824,sharrismw@nationalgeographic.com,Samuel,Male,825,3572452841472397,Harris
825,vgardnermx@people.com.cn,Virginia,Female,826,201822152978791,Gardner
826,jfishermy@youtube.com,Julie,Female,827,3560447423393023,Fisher
827,jbarnesmz@jimdo.com,Jessica,Female,828,4844184155900479,Barnes
828,lgreenen0@adobe.com,Lawrence,Male,829,3532047831889219,Greene
829,jcoopern1@usnews.com,Juan,Male,830,3561917091907477,Cooper
830,adixonn2@elpais.com,Alan,Male,831,201722855257578,Dixon
831,showelln3@godaddy.com,Sharon,Female,832,6706355848907962,Howell
832,wgarzan4@samsung.com,Willie,Male,833,3573399149811785,Garza
833,jhowelln5@google.co.jp,Jose,Male,834,58938503123023184,Howell
834,sfullern6@list-manage.com,Scott,Male,835,5010129673234666,Fuller
835,eyoungn7@hao123.com,Eric,Male,836,4026690233557115,Young
836,ewestn8@paypal.com,Elizabeth,Female,837,3535526473622530,West
837,jbaileyn9@tripod.com,Joan,Female,838,3548460906102750,Bailey
838,nedwardsna@sina.com.cn,Nicholas,Male,839,201953259860366,Edwards
839,kjordannb@bravesites.com,Keith,Male,840,36886109243600,Jordan
840,rcolemannc@pcworld.com,Ruby,Female,841,3546550199358606,Coleman
841,awatsonnd@yahoo.co.jp,Anna,Female,842,3580886299012652,Watson
842,dtaylorne@yellowpages.com,Denise,Female,843,374288463032846,Taylor
843,ahansonnf@reference.com,Andrew,Male,844,374622952687894,Hanson
844,mjamesng@unblog.fr,Martha,Female,845,3564832594343855,James
845,alynchnh@newsvine.com,Ann,Female,846,4508472385924915,Lynch
846,kwalkerni@mozilla.com,Kathleen,Female,847,3581152443022470,Walker
847,jcolemannj@webmd.com,Johnny,Male,848,4911146862615821,Coleman
848,rboydnk@studiopress.com,Raymond,Male,849,6304742064386136064,Boyd
849,tmorrisonnl@utexas.edu,Teresa,Female,850,6763680489229800,Morrison
850,rcruznm@cpanel.net,Ralph,Male,851,5018272782791168,Cruz
851,wgeorgenn@nytimes.com,Wanda,Female,852,3538735151646995,George
852,chernandezno@odnoklassniki.ru,Craig,Male,853,3550527860385137,Hernandez
853,nphillipsnp@wiley.com,Nancy,Female,854,374288366146073,Phillips
854,dknightnq@wisc.edu,Debra,Female,855,30433814302268,Knight
855,hgraynr@zdnet.com,Henry,Male,856,4508659605297409,Gray
856,fpowellns@posterous.com,Frances,Female,857,6374224265042151,Powell
857,dwilliamsnt@gov.uk,Donald,Male,858,676777966847477888,Williams
858,jhallnu@cisco.com,Jack,Male,859,67096418890250288,Hall
859,gweavernv@photobucket.com,Gerald,Male,860,5602218501980600,Weaver
860,bcarrollnw@irs.gov,Bruce,Male,861,4917775280931669,Carroll
861,chansennx@reference.com,Clarence,Male,862,3588428769001634,Hansen
862,jtaylorny@multiply.com,Jason,Male,863,4175001196173032,Taylor
863,rsmithnz@bloomberg.com,Richard,Male,864,3558201652425491,Smith
864,hbowmano0@ibm.com,Henry,Male,865,56022572124734080,Bowman
865,vcarro1@amazon.de,Victor,Male,866,3573830861022854,Carr
866,rkennedyo2@blog.com,Ruth,Female,867,6771111846066362,Kennedy
867,wmorrisono3@tumblr.com,William,Male,868,372301766033916,Morrison
868,bgutierrezo4@un.org,Brenda,Female,869,374288526670202,Gutierrez
869,mbryanto5@umn.edu,Matthew,Male,870,3538989705849221,Bryant
870,dgarciao6@google.com.hk,Denise,Female,871,5602238878790572,Garcia
871,pdixono7@dot.gov,Patricia,Female,872,5602232172026163,Dixon
872,ewoodo8@boston.com,Earl,Male,873,3577385709793550,Wood
873,ahenryo9@godaddy.com,Amy,Female,874,5007665329026167,Henry
874,mjonesoa@rambler.ru,Michael,Male,875,4917984579605311,Jones
875,jmitchellob@wikipedia.org,Joe,Male,876,4175008687097851,Mitchell
876,dmorganoc@apple.com,Daniel,Male,877,4911975179650737,Morgan
877,rtuckerod@reuters.com,Rachel,Female,878,3536434503935569,Tucker
878,pfreemanoe@senate.gov,Philip,Male,879,4913608164284448,Freeman
879,rmccoyof@webmd.com,Russell,Male,880,67062454342975520,Mccoy
880,showellog@jugem.jp,Steve,Male,881,5236804419996483,Howell
881,whamiltonoh@digg.com,Wanda,Female,882,4913873383854336,Hamilton
882,msimpsonoi@addtoany.com,Michelle,Female,883,3553871665986815,Simpson
883,welliottoj@bloglines.com,Wayne,Male,884,3561336420661079,Elliott
884,kwrightok@surveymonkey.com,Kimberly,Female,885,3587385388720112,Wright
885,dbryantol@hugedomains.com,Daniel,Male,886,3534281345367929,Bryant
886,ljamesom@eepurl.com,Laura,Female,887,3559940446153047,James
887,rwatkinson@microsoft.com,Randy,Male,888,670916367306144128,Watkins
888,ngarrettoo@woothemes.com,Norma,Female,889,6377530099999326,Garrett
889,gfieldsop@bbb.org,George,Male,890,3532435881120181,Fields
890,ljordanoq@telegraph.co.uk,Laura,Female,891,5449293789110359,Jordan
891,dsnyderor@istockphoto.com,Diane,Female,892,3587521397003468,Snyder
892,rturneros@vimeo.com,Ruth,Female,893,3553868763320095,Turner
893,achavezot@nature.com,Anthony,Male,894,201823353336433,Chavez
894,krobinsonou@mail.ru,Kimberly,Female,895,3548547446248844,Robinson
895,dthomasov@flickr.com,Douglas,Male,896,604588372488221568,Thomas
896,crayow@foxnews.com,Christina,Female,897,3529065504910612,Ray
897,egilbertox@joomla.org,Emily,Female,898,3581903534185711,Gilbert
898,sromerooy@moonfruit.com,Samuel,Male,899,3577853960896958,Romero
899,ahernandezoz@a8.net,Adam,Male,900,67710419524548384,Hernandez
900,blittlep0@cbslocal.com,Billy,Male,901,5100131118086249,Little
901,asmithp1@elegantthemes.com,Albert,Male,902,201778806523005,Smith
902,ssimmonsp2@cloudflare.com,Scott,Male,903,372301218936484,Simmons
903,wcarrollp3@meetup.com,William,Male,904,3586091192725344,Carroll
904,hcoxp4@opera.com,Heather,Female,905,4882048198193,Cox
905,acampbellp5@opensource.org,Angela,Female,906,5641827560676466688,Campbell
906,ehayesp6@mysql.com,Evelyn,Female,907,3554464133447708,Hayes
907,jwalkerp7@acquirethisname.com,Jeremy,Male,908,3586054822049295,Walker
908,apetersp8@thetimes.co.uk,Ann,Female,909,348256065312828,Peters
909,afowlerp9@ed.gov,Arthur,Male,910,3585002867824792,Fowler
910,eharrisonpa@geocities.com,Eugene,Male,911,5602250876719556608,Harrison
911,rcarpenterpb@slate.com,Raymond,Male,912,3581368363461007,Carpenter
912,jduncanpc@prnewswire.com,Janet,Female,913,3543487224491917,Duncan
913,snelsonpd@upenn.edu,Steve,Male,914,3569949973612802,Nelson
914,vreedpe@google.com,Virginia,Female,915,3555431902061936,Reed
915,narnoldpf@t.co,Nicole,Female,916,3564896165697940,Arnold
916,efordpg@icq.com,Edward,Male,917,3538236788593247,Ford
917,mwestph@123-reg.co.uk,Marilyn,Female,918,5100174130974679,West
918,ejonespi@miitbeian.gov.cn,Eric,Male,919,5020377963574458368,Jones
919,selliottpj@smh.com.au,Samuel,Male,920,3551997417897679,Elliott
920,wreedpk@auda.org.au,Wayne,Male,921,3540071438679740,Reed
921,bmyerspl@wikipedia.org,Brandon,Male,922,3543045616405257,Myers
922,ahartpm@nsw.gov.au,Albert,Male,923,5610319466077381632,Hart
923,acolemanpn@amazonaws.com,Arthur,Male,924,3541211297540679,Coleman
924,kruizpo@cdbaby.com,Kathryn,Female,925,4041377855291,Ruiz
925,ckennedypp@php.net,Christopher,Male,926,4905546230567364,Kennedy
926,pbakerpq@geocities.com,Pamela,Female,927,3562343457772844,Baker
927,bcruzpr@shareasale.com,Brandon,Male,928,6333967774819184,Cruz
928,jmorrisps@tinypic.com,Janice,Female,929,6333576461418034176,Morris
929,lgonzalespt@mac.com,Lillian,Female,930,5470872801044092,Gonzales
930,hrodriguezpu@state.tx.us,Harold,Male,931,3584257261438521,Rodriguez
931,rduncanpv@bandcamp.com,Robert,Male,932,5602241710928398336,Duncan
932,mcampbellpw@ftc.gov,Marie,Female,933,3542363657104429,Campbell
933,jstephenspx@cyberchimps.com,Juan,Male,934,3546732934503981,Stephens
934,arodriguezpy@lycos.com,Ann,Female,935,6706019467147226112,Rodriguez
935,cmartinpz@blogtalkradio.com,Christine,Female,936,3547342637528027,Martin
936,rharveyq0@telegraph.co.uk,Russell,Male,937,3545351102481168,Harvey
937,pbradleyq1@jimdo.com,Pamela,Female,938,3578580277570641,Bradley
938,pgibsonq2@instagram.com,Phyllis,Female,939,5602258440787831,Gibson
939,bcarpenterq3@yandex.ru,Brian,Male,940,5602241717894803,Carpenter
940,krayq4@slate.com,Kathryn,Female,941,3552248116119869,Ray
941,mellisq5@usnews.com,Marie,Female,942,3537864652888897,Ellis
942,mjacksonq6@alexa.com,Margaret,Female,943,3587456092465912,Jackson
943,dstanleyq7@ft.com,Dennis,Male,944,3540259074258941,Stanley
944,probinsonq8@paypal.com,Peter,Male,945,5602210431038831,Robinson
945,hpierceq9@themeforest.net,Howard,Male,946,5007660963595650,Pierce
946,larnoldqa@4shared.com,Lillian,Female,947,4160246259227574,Arnold
947,areyesqb@sina.com.cn,Amanda,Female,948,5602237636394487,Reyes
948,adiazqc@senate.gov,Arthur,Male,949,3587466557345673,Diaz
949,lmurphyqd@shareasale.com,Lawrence,Male,950,5101154540446350,Murphy
950,jspencerqe@pinterest.com,Judith,Female,951,30096366484857,Spencer
951,kfoxqf@indiegogo.com,Kathy,Female,952,5602249306432737,Fox
952,rphillipsqg@auda.org.au,Rachel,Female,953,3563145359647613,Phillips
953,llewisqh@sphinn.com,Larry,Male,954,4175002387653956,Lewis
954,sberryqi@google.ru,Stephen,Male,955,3540422683189820,Berry
955,rfowlerqj@twitpic.com,Roger,Male,956,3581303731027719,Fowler
956,rrobertsqk@ucla.edu,Rebecca,Female,957,5020567516218073,Roberts
957,lhansonql@smugmug.com,Lillian,Female,958,3578868784212520,Hanson
958,nwatsonqm@opensource.org,Nicholas,Male,959,30361266634864,Watson
959,jnelsonqn@jugem.jp,Julie,Female,960,4913780395918795,Nelson
960,awhiteqo@photobucket.com,Anne,Female,961,5893895313437502464,White
961,cfrazierqp@theatlantic.com,Chris,Male,962,3568346680816274,Frazier
962,dcastilloqq@ifeng.com,Dorothy,Female,963,3568522198330517,Castillo
963,ahendersonqr@google.fr,Alice,Female,964,3560206666004493,Henderson
964,chowardqs@paginegialle.it,Carolyn,Female,965,6762642055592386560,Howard
965,rstanleyqt@wix.com,Ruby,Female,966,3546837852114289,Stanley
966,tlarsonqu@answers.com,Timothy,Male,967,5641828754600100864,Larson
967,jsanchezqv@kickstarter.com,Juan,Male,968,4844428312997245,Sanchez
968,dtorresqw@wp.com,David,Male,969,3588597819289280,Torres
969,scarpenterqx@wikimedia.org,Scott,Male,970,201651362754571,Carpenter
970,jstoneqy@chronoengine.com,Johnny,Male,971,3571857031860105,Stone
971,mhenryqz@state.tx.us,Marie,Female,972,4041376973862078,Henry
972,eharperr0@cyberchimps.com,Earl,Male,973,3531119818977183,Harper
973,tmoralesr1@comsenz.com,Timothy,Male,974,3533114553177246,Morales
974,hpattersonr2@miitbeian.gov.cn,Heather,Female,975,4911906498749298,Patterson
975,rperkinsr3@miitbeian.gov.cn,Roger,Male,976,5469935881069876,Perkins
976,mbaileyr4@about.me,Marilyn,Female,977,6762580695249842176,Bailey
977,bsnyderr5@altervista.org,Beverly,Female,978,3528184577266272,Snyder
978,emccoyr6@meetup.com,Ernest,Male,979,4917142712686009,Mccoy
979,mharveyr7@google.co.jp,Michael,Male,980,3574895497887946,Harvey
980,bhamiltonr8@bluehost.com,Beverly,Female,981,345661869406168,Hamilton
981,jthomasr9@usnews.com,Justin,Male,982,3556759613016297,Thomas
982,wcookra@t.co,Walter,Male,983,5018416205443697,Cook
983,rkellyrb@discuz.net,Richard,Male,984,3555753838926340,Kelly
984,jthompsonrc@earthlink.net,Jean,Female,985,30278539106555,Thompson
985,asanchezrd@mit.edu,Andrea,Female,986,5108750803238807,Sanchez
986,cnicholsre@virginia.edu,Carol,Female,987,5602215367305500,Nichols
987,daustinrf@4shared.com,Douglas,Male,988,5480853201319290,Austin
988,vbradleyrg@unc.edu,Virginia,Female,989,58931528439207640,Bradley
989,pgonzalezrh@hc360.com,Paul,Male,990,5100170498311058,Gonzalez
990,sreynoldsri@utexas.edu,Stephanie,Female,991,30332714551844,Reynolds
991,dwrightrj@livejournal.com,Douglas,Male,992,3552132181540656,Wright
992,hjamesrk@ebay.co.uk,Henry,Male,993,3589468269834430,James
993,dfreemanrl@vimeo.com,Dorothy,Female,994,3551933082738708,Freeman
994,amartinrm@pagesperso-orange.fr,Arthur,Male,995,3585501386616381,Martin
995,fhamiltonrn@myspace.com,Frank,Male,996,3579661527741973,Hamilton
996,acoxro@booking.com,Alice,Female,997,3566225019543035,Cox
997,ssimsrp@alibaba.com,Sarah,Female,998,3539446290699106,Sims
998,cpowellrq@google.de,Christine,Female,999,201522687145193,Powell
999,wjordanrr@jigsy.com,Willie,Male,1000,5602254898476357,Jordan
